Name,Calories,FatContent,SaturatedFatContent,CholesterolContent,SodiumContent,CarbohydrateContent,FiberContent,SugarContent,ProteinContent,foodnumber,recommended,tags
"Aloo Tikki, Aloo Tikki, Aloo Tikki, Aloo Tikki, Aloo Tikki",1249,4,1,0,3451,276.5,33.5,14,33.5,0,1,"['15-minutes-or-less', 'time-to-make', 'course', 'main-ingredient', 'cuisine', 'preparation', 'occasion', 'lunch', 'side-dishes', 'snacks', 'asian', 'indian', 'easy', 'beginner-cook', 'dinner-party', 'kid-friendly', 'vegan', 'vegetarian', 'grains', 'stove-top', 'dietary', 'inexpensive', 'toddler-friendly', 'pasta-rice-and-grains', 'equipment', 'presentation', 'served-hot']"
Kadhi Pakora,275,17,3,60,450,21,3,5,12,1,0,"['30-minutes-or-less', 'time-to-make', 'course', 'main-ingredient', 'cuisine', 'preparation', 'appetizers', 'eggs-dairy', 'asian', 'indian']"
"Kadhi Pakora, Palak Paneer",495.3,27.7,9,77.4,896.8,46.1,13.7,12.3,25.8,2,1,"['time-to-make', 'course', 'low-cholesterol', 'low-carb', 'appetizers', 'low-saturated-fat', 'main-ingredient', 'low-calorie', 'dietary', 'asian', 'low-protein', 'low-in-something', 'preparation', 'indian', 'cuisine', 'healthy-2', 'low-sodium', 'vegetarian', 'eggs-dairy', '60-minutes-or-less']"
Bhindi Masala,175,10,2,0,600,15,5,3,7,3,0,"['30-minutes-or-less', 'time-to-make', 'course', 'main-ingredient', 'cuisine', 'preparation', 'low-protein', 'healthy', 'side-dishes', 'vegetables', 'asian', 'indian', 'vegan', 'vegetarian', 'dietary', 'low-sodium', 'low-cholesterol', 'low-calorie', 'low-carb', 'healthy-2', 'low-in-something']"
Kadhi Pakora,275,17,3,60,450,21,3,5,12,4,0,"['30-minutes-or-less', 'time-to-make', 'course', 'main-ingredient', 'cuisine', 'preparation', 'appetizers', 'eggs-dairy', 'asian', 'indian']"
Kadhi Pakora,275,17,3,60,450,21,3,5,12,5,0,"['30-minutes-or-less', 'time-to-make', 'course', 'main-ingredient', 'cuisine', 'preparation', 'appetizers', 'eggs-dairy', 'asian', 'indian']"
Waffles,333.8,15.7,9.3,101.1,531.1,39.5,1.1,4.4,8.5,6,1,"['30-minutes-or-less', 'time-to-make', 'course', 'cuisine', 'preparation', 'north-american', 'pancakes-and-waffles', 'breakfast', 'american', 'stove-top', 'midwestern', 'equipment']"
Chicken Wings,84,6,1.7,29.1,27.6,0,0,0,6.9,7,0,"['60-minutes-or-less', 'time-to-make', 'course', 'main-ingredient', 'cuisine', 'preparation', 'healthy', 'main-dish', 'poultry', 'indian', 'easy', 'chicken', 'meat', 'wings', '3-steps-or-less']"
"Onion Rings, Chicken Wings",293.1,8.8,3.1,58.8,651,39.7,4,6.7,13.9,8,0,"['30-minutes-or-less', 'time-to-make', 'course', '3-steps-or-less', 'main-ingredient', 'appetizers', 'cuisine', 'easy', 'deep-fry', 'poultry', 'indian', 'meat', 'wings', 'low-in-something', 'low-carb', 'onions', 'presentation', 'healthy', 'preparation', 'main-dish', 'served-hot', 'technique', 'chicken', 'dietary']"
Biryani,400,15,3,30,800,40,2,5,15,9,0,"['weeknight', 'time-to-make', 'course', 'main-ingredient', 'cuisine', 'preparation', 'main-dish', 'poultry', 'asian', 'indian', 'chicken', 'stove-top', 'dietary', 'low-sodium', 'low-in-something', 'meat', 'chicken-breasts', 'chicken-thighs-legs', 'equipment']"
Apple,95,0.3,0.1,0,2,25,4,19,0.5,10,0,"['fruit', 'healthy', 'snack', 'dessert', 'ingredient', 'salad', 'pie', 'baking', 'juice', 'sweet', 'crisp', 'refreshing', 'fall', 'harvest', 'orchard', 'variety', 'nutritious', 'fiber', 'vitamins', 'minerals']"
"Biryani, Rice",583.9,16.8,3.4,30,1050,76,3.6,5.6,18.3,11,1,"['weeknight', 'time-to-make', 'course', 'main-ingredient', 'cuisine', 'preparation', 'main-dish', 'poultry', 'asian', 'indian', 'chicken', 'stove-top', 'dietary', 'low-sodium', 'low-in-something', 'meat', 'chicken-breasts', 'chicken-thighs-legs', 'equipment']"
Chai,69.3,1.1,0.7,4.3,23,14.8,0.1,13,1.1,12,1,"['15-minutes-or-less', 'time-to-make', 'course', 'cuisine', 'preparation', 'beverages', 'asian', 'indian', 'dietary', 'presentation', 'served-hot']"
Spring Rolls,125.1,4.3,0.9,27.8,369.8,13.9,1.1,1,7.7,13,0,"['time-to-make', 'course', 'main-ingredient', 'cuisine', 'preparation', 'occasion', 'appetizers', 'side-dishes', 'vegetables', 'asian', 'vietnamese', 'dinner-party', 'finger-food', 'vegetarian', 'dietary', 'spicy', 'taste-mood', 'savory', 'presentation', 'served-cold', '4-hours-or-less']"
Biryani,400,15,3,30,800,40,2,5,15,14,0,"['weeknight', 'time-to-make', 'course', 'main-ingredient', 'cuisine', 'preparation', 'main-dish', 'poultry', 'asian', 'indian', 'chicken', 'stove-top', 'dietary', 'low-sodium', 'low-in-something', 'meat', 'chicken-breasts', 'chicken-thighs-legs', 'equipment']"
Daal,461.3,19.1,3.9,0,229.3,53.7,23.5,4.2,20.3,15,1,"['60-minutes-or-less', 'time-to-make', 'course', 'main-ingredient', 'cuisine', 'preparation', 'for-1-or-2', 'main-dish', 'beans', 'asian', 'indian', 'easy', 'vegetarian', 'stove-top', 'dietary', 'lentils', 'pasta-rice-and-grains', 'equipment', 'number-of-servings']"
Omelette,160,10,3,370,130,2,0,0,14,16,1,"['15-minutes-or-less', 'time-to-make', 'course', 'cuisine', 'preparation', 'for-1-or-2', 'omelets-and-frittatas', 'breakfast', 'indian', 'vegetarian', 'dietary', 'low-calorie', 'low-carb', 'low-in-something', 'number-of-servings']"
Bhindi Masala,175,10,2,0,600,15,5,3,7,17,0,"['30-minutes-or-less', 'time-to-make', 'course', 'main-ingredient', 'cuisine', 'preparation', 'low-protein', 'healthy', 'side-dishes', 'vegetables', 'asian', 'indian', 'vegan', 'vegetarian', 'dietary', 'low-sodium', 'low-cholesterol', 'low-calorie', 'low-carb', 'healthy-2', 'low-in-something']"
Sandwich,192.8,2.5,0.6,0.6,368.6,36.5,3.1,7.2,7.6,18,0,"['15-minutes-or-less', 'time-to-make', 'course', 'main-ingredient', 'cuisine', 'preparation', 'occasion', 'north-american', 'for-1-or-2', '5-ingredients-or-less', 'lunch', 'canadian', 'easy', 'grains', 'dietary', 'sandwiches', 'high-protein', 'inexpensive', 'ontario', 'high-in-something', 'meat', 'pasta-rice-and-grains', 'taste-mood', 'savory', 'number-of-servings', '3-steps-or-less']"
Waffles,333.8,15.7,9.3,101.1,531.1,39.5,1.1,4.4,8.5,19,1,"['30-minutes-or-less', 'time-to-make', 'course', 'cuisine', 'preparation', 'north-american', 'pancakes-and-waffles', 'breakfast', 'american', 'stove-top', 'midwestern', 'equipment']"
Sandwich,192.8,2.5,0.6,0.6,368.6,36.5,3.1,7.2,7.6,20,0,"['15-minutes-or-less', 'time-to-make', 'course', 'main-ingredient', 'cuisine', 'preparation', 'occasion', 'north-american', 'for-1-or-2', '5-ingredients-or-less', 'lunch', 'canadian', 'easy', 'grains', 'dietary', 'sandwiches', 'high-protein', 'inexpensive', 'ontario', 'high-in-something', 'meat', 'pasta-rice-and-grains', 'taste-mood', 'savory', 'number-of-servings', '3-steps-or-less']"
French Fries,395,0.4,0.2,0,18.2,91.4,8.2,4,8.4,21,1,"['30-minutes-or-less', 'time-to-make', 'course', 'main-ingredient', 'cuisine', 'preparation', 'occasion', 'low-protein', 'healthy', '5-ingredients-or-less', 'appetizers', 'potatoes', 'vegetables', 'french', 'easy', 'european', 'finger-food', 'low-fat', 'dietary', 'low-cholesterol', 'low-calorie', 'healthy-2', 'low-in-something', 'presentation']"
Chicken Wings,84,6,1.7,29.1,27.6,0,0,0,6.9,22,0,"['60-minutes-or-less', 'time-to-make', 'course', 'main-ingredient', 'cuisine', 'preparation', 'healthy', 'main-dish', 'poultry', 'indian', 'easy', 'chicken', 'meat', 'wings', '3-steps-or-less']"
Butter Chicken,308.1,21.7,7.6,99.4,108,5.2,0.9,2.5,22.5,23,0,"['weeknight', 'time-to-make', 'course', 'main-ingredient', 'cuisine', 'preparation', 'low-protein', 'main-dish', 'poultry', 'asian', 'indian', 'barbecue', 'chicken', 'dietary', 'low-carb', 'low-in-something', 'meat', 'equipment', 'grilling', '4-hours-or-less']"
Biryani,400,15,3,30,800,40,2,5,15,24,0,"['weeknight', 'time-to-make', 'course', 'main-ingredient', 'cuisine', 'preparation', 'main-dish', 'poultry', 'asian', 'indian', 'chicken', 'stove-top', 'dietary', 'low-sodium', 'low-in-something', 'meat', 'chicken-breasts', 'chicken-thighs-legs', 'equipment']"
Sandwich,192.8,2.5,0.6,0.6,368.6,36.5,3.1,7.2,7.6,25,0,"['15-minutes-or-less', 'time-to-make', 'course', 'main-ingredient', 'cuisine', 'preparation', 'occasion', 'north-american', 'for-1-or-2', '5-ingredients-or-less', 'lunch', 'canadian', 'easy', 'grains', 'dietary', 'sandwiches', 'high-protein', 'inexpensive', 'ontario', 'high-in-something', 'meat', 'pasta-rice-and-grains', 'taste-mood', 'savory', 'number-of-servings', '3-steps-or-less']"
Biryani,400,15,3,30,800,40,2,5,15,26,0,"['weeknight', 'time-to-make', 'course', 'main-ingredient', 'cuisine', 'preparation', 'main-dish', 'poultry', 'asian', 'indian', 'chicken', 'stove-top', 'dietary', 'low-sodium', 'low-in-something', 'meat', 'chicken-breasts', 'chicken-thighs-legs', 'equipment']"
"Omelette, Kadhi Pakora",435,27,6,430,580,23,3,5,26,27,1,"['30-minutes-or-less', 'for-1-or-2', 'main-ingredient', 'time-to-make', 'breakfast', 'preparation', 'omelets-and-frittatas', 'appetizers', 'eggs-dairy', 'low-calorie', 'low-in-something', 'indian', 'asian', 'course', 'cuisine', 'number-of-servings', 'low-carb', 'low-calorie']"
"Chicken Wings, Chicken Wings, Onion Rings",377.1,14.8,4.8,87.9,678.6,39.7,4,6.7,20.8,28,0,"['30-minutes-or-less', 'time-to-make', 'course', '3-steps-or-less', 'main-ingredient', 'appetizers', 'cuisine', 'easy', 'deep-fry', 'poultry', 'indian', 'meat', 'wings', 'low-in-something', 'low-carb', 'onions', 'presentation', 'healthy', 'preparation', 'main-dish', 'served-hot', 'technique', 'chicken', 'dietary']"
Biryani,400,15,3,30,800,40,2,5,15,29,0,"['weeknight', 'time-to-make', 'course', 'main-ingredient', 'cuisine', 'preparation', 'main-dish', 'poultry', 'asian', 'indian', 'chicken', 'stove-top', 'dietary', 'low-sodium', 'low-in-something', 'meat', 'chicken-breasts', 'chicken-thighs-legs', 'equipment']"
Rice,183.9,1.8,0.4,0,250,36,1.6,0.6,5.3,30,0,"['15-minutes-or-less', 'time-to-make', 'course', 'main-ingredient', 'cuisine', 'preparation', '5-ingredients-or-less', 'side-dishes', 'rice', 'indian', 'easy', 'dietary', 'low-sodium', 'low-in-something', 'pasta-rice-and-grains', 'long-grain-rice', '3-steps-or-less']"
Sandwich,192.8,2.5,0.6,0.6,368.6,36.5,3.1,7.2,7.6,31,0,"['15-minutes-or-less', 'time-to-make', 'course', 'main-ingredient', 'cuisine', 'preparation', 'occasion', 'north-american', 'for-1-or-2', '5-ingredients-or-less', 'lunch', 'canadian', 'easy', 'grains', 'dietary', 'sandwiches', 'high-protein', 'inexpensive', 'ontario', 'high-in-something', 'meat', 'pasta-rice-and-grains', 'taste-mood', 'savory', 'number-of-servings', '3-steps-or-less']"
Biryani,400,15,3,30,800,40,2,5,15,32,0,"['weeknight', 'time-to-make', 'course', 'main-ingredient', 'cuisine', 'preparation', 'main-dish', 'poultry', 'asian', 'indian', 'chicken', 'stove-top', 'dietary', 'low-sodium', 'low-in-something', 'meat', 'chicken-breasts', 'chicken-thighs-legs', 'equipment']"
Biryani,400,15,3,30,800,40,2,5,15,33,0,"['weeknight', 'time-to-make', 'course', 'main-ingredient', 'cuisine', 'preparation', 'main-dish', 'poultry', 'asian', 'indian', 'chicken', 'stove-top', 'dietary', 'low-sodium', 'low-in-something', 'meat', 'chicken-breasts', 'chicken-thighs-legs', 'equipment']"
Biryani,400,15,3,30,800,40,2,5,15,34,0,"['weeknight', 'time-to-make', 'course', 'main-ingredient', 'cuisine', 'preparation', 'main-dish', 'poultry', 'asian', 'indian', 'chicken', 'stove-top', 'dietary', 'low-sodium', 'low-in-something', 'meat', 'chicken-breasts', 'chicken-thighs-legs', 'equipment']"
Biryani,400,15,3,30,800,40,2,5,15,35,0,"['weeknight', 'time-to-make', 'course', 'main-ingredient', 'cuisine', 'preparation', 'main-dish', 'poultry', 'asian', 'indian', 'chicken', 'stove-top', 'dietary', 'low-sodium', 'low-in-something', 'meat', 'chicken-breasts', 'chicken-thighs-legs', 'equipment']"
"Aloo Methi, Kadhi Pakora",498.5,24.4,4,60,475.8,57.6,8.9,10.5,17.2,36,0,"['60-minutes-or-less', 'time-to-make', 'course', 'main-ingredient', 'cuisine', 'preparation', 'lunch', 'side-dishes', 'potatoes', 'vegetables', 'asian', 'indian', 'easy', 'vegetarian', 'dietary', 'inexpensive']"
Palak Paneer,220.3,10.7,4.6,17.4,446.8,25.1,10.7,7.3,13.8,37,0,"['60-minutes-or-less', 'time-to-make', 'cuisine', 'preparation', 'low-protein', 'asian', 'indian', 'vegetarian', 'dietary', 'low-sodium', 'low-cholesterol', 'low-saturated-fat', 'low-calorie', 'low-carb', 'healthy-2', 'low-in-something']"
Bhindi Masala,175,10,2,0,600,15,5,3,7,38,0,"['30-minutes-or-less', 'time-to-make', 'course', 'main-ingredient', 'cuisine', 'preparation', 'low-protein', 'healthy', 'side-dishes', 'vegetables', 'asian', 'indian', 'vegan', 'vegetarian', 'dietary', 'low-sodium', 'low-cholesterol', 'low-calorie', 'low-carb', 'healthy-2', 'low-in-something']"
"Burger, French Fries",572.5,18.2,5.1,40,909.1,80.7,6.1,9,24.2,39,1,"['30-minutes-or-less', 'time-to-make', 'course', 'occasion', 'main-ingredient', 'european', 'presentation', 'low-fat', 'beef', 'preparation', 'beginner-cook', 'american', 'easy', 'main-dish', 'french', 'north-american', 'potatoes', 'lunch', 'meat', 'to-go', 'appetizers', 'sandwiches', 'ground-beef', 'camping', 'healthy-2', 'vegetables', 'cuisine', 'finger-food', 'low-cholesterol', 'dietary', 'unhealthy', 'high-calorie', 'low-protein', 'low-in-something', '5-ingredients-or-less']"
Biryani,400,15,3,30,800,40,2,5,15,40,0,"['weeknight', 'time-to-make', 'course', 'main-ingredient', 'cuisine', 'preparation', 'main-dish', 'poultry', 'asian', 'indian', 'chicken', 'stove-top', 'dietary', 'low-sodium', 'low-in-something', 'meat', 'chicken-breasts', 'chicken-thighs-legs', 'equipment']"
"Chai, Chicken Wings, Spring Rolls, Spring Rolls",403.5,15.7,4.2,89,790.2,42.6,2.3,15,23.4,41,1,"['30-minutes-or-less', 'time-to-make', 'course', 'rice', 'unhealthy', 'presentation', 'served-hot', 'flat-shapes', '5-ingredients-or-less', 'main-ingredient', 'preparation', 'beginner-cook', 'asian', 'indian', 'easy', 'dietary', 'long-grain-rice', 'low-sodium', 'breads', 'side-dishes', 'snacks', 'vegetarian', 'free-of-something', 'pasta-rice-and-grains', 'cuisine', 'egg-free', 'lunch', '3-steps-or-less', 'beverages', 'main-dish', 'poultry', 'chicken', 'meat', 'wings']"
Omelette,160,10,3,370,130,2,0,0,14,42,1,"['15-minutes-or-less', 'time-to-make', 'course', 'cuisine', 'preparation', 'for-1-or-2', 'omelets-and-frittatas', 'breakfast', 'indian', 'vegetarian', 'dietary', 'low-calorie', 'low-carb', 'low-in-something', 'number-of-servings']"
Palak Paneer,220.3,10.7,4.6,17.4,446.8,25.1,10.7,7.3,13.8,43,0,"['60-minutes-or-less', 'time-to-make', 'cuisine', 'preparation', 'low-protein', 'asian', 'indian', 'vegetarian', 'dietary', 'low-sodium', 'low-cholesterol', 'low-saturated-fat', 'low-calorie', 'low-carb', 'healthy-2', 'low-in-something']"
Aloo Matar,184.3,9.6,1.3,0,269.2,21.7,4.5,5.7,4.7,44,0,"['60-minutes-or-less', 'time-to-make', 'course', 'main-ingredient', 'cuisine', 'preparation', 'main-dish', 'potatoes', 'vegetables', 'asian', 'indian', 'vegan', 'vegetarian', 'dietary']"
Bhindi Masala,175,10,2,0,600,15,5,3,7,45,0,"['30-minutes-or-less', 'time-to-make', 'course', 'main-ingredient', 'cuisine', 'preparation', 'low-protein', 'healthy', 'side-dishes', 'vegetables', 'asian', 'indian', 'vegan', 'vegetarian', 'dietary', 'low-sodium', 'low-cholesterol', 'low-calorie', 'low-carb', 'healthy-2', 'low-in-something']"
Aloo Methi,223.5,7.4,1,0,25.8,36.6,5.9,5.5,5.2,46,0,"['60-minutes-or-less', 'time-to-make', 'course', 'main-ingredient', 'cuisine', 'preparation', 'lunch', 'side-dishes', 'potatoes', 'vegetables', 'asian', 'indian', 'easy', 'vegetarian', 'dietary', 'inexpensive']"
Rice,183.9,1.8,0.4,0,250,36,1.6,0.6,5.3,47,0,"['15-minutes-or-less', 'time-to-make', 'course', 'main-ingredient', 'cuisine', 'preparation', '5-ingredients-or-less', 'side-dishes', 'rice', 'indian', 'easy', 'dietary', 'low-sodium', 'low-in-something', 'pasta-rice-and-grains', 'long-grain-rice', '3-steps-or-less']"
"Burger, French Fries",572.5,18.2,5.1,40,909.1,80.7,6.1,9,24.2,48,1,"['30-minutes-or-less', 'time-to-make', 'course', 'occasion', 'main-ingredient', 'european', 'presentation', 'low-fat', 'beef', 'preparation', 'beginner-cook', 'american', 'easy', 'main-dish', 'french', 'north-american', 'potatoes', 'lunch', 'meat', 'to-go', 'appetizers', 'sandwiches', 'ground-beef', 'camping', 'healthy-2', 'vegetables', 'cuisine', 'finger-food', 'low-cholesterol', 'dietary', 'unhealthy', 'high-calorie', 'low-protein', 'low-in-something', '5-ingredients-or-less']"
"Onion Rings, Chicken Wings",293.1,8.8,3.1,58.8,651,39.7,4,6.7,13.9,49,0,"['30-minutes-or-less', 'time-to-make', 'course', '3-steps-or-less', 'main-ingredient', 'appetizers', 'cuisine', 'easy', 'deep-fry', 'poultry', 'indian', 'meat', 'wings', 'low-in-something', 'low-carb', 'onions', 'presentation', 'healthy', 'preparation', 'main-dish', 'served-hot', 'technique', 'chicken', 'dietary']"
Chicken Curry,360.1,10.7,4.9,93.2,1251.6,38,4.6,23.5,31.1,50,1,"['curries', 'time-to-make', 'course', 'cuisine', 'preparation', 'main-dish', 'asian', 'indian', 'dietary', 'low-carb', 'low-in-something', '4-hours-or-less']"
"Onion Pakora, Onion Rings, French Fries",581.6,15,3.5,29.7,1032.5,103.4,10.1,10.7,15.2,51,1,"['15-minutes-or-less', 'time-to-make', 'course', 'cuisine', 'preparation', 'lunch', 'snacks', 'asian', 'indian', 'easy', 'beginner-cook', 'dietary']"
Chicken Curry,360.1,10.7,4.9,93.2,1251.6,38,4.6,23.5,31.1,52,1,"['curries', 'time-to-make', 'course', 'cuisine', 'preparation', 'main-dish', 'asian', 'indian', 'dietary', 'low-carb', 'low-in-something', '4-hours-or-less']"
"Roti, Roti",456.2,1.2,0.2,0,474.8,96,3.4,0.4,13,53,1,"['time-to-make', 'course', 'main-ingredient', 'cuisine', 'preparation', 'healthy', 'breads', 'beans', 'indian', 'dietary', 'chick-peas-garbanzos', 'pasta-rice-and-grains', '4-hours-or-less']"
White Rice,201.2,3.6,0.5,0,297.5,37.8,1.3,0,3.1,54,0,"['15-minutes-or-less', 'time-to-make', 'course', 'main-ingredient', 'cuisine', 'preparation', '5-ingredients-or-less', 'side-dishes', 'rice', 'indian', 'easy', 'dietary', 'low-sodium', 'low-in-something', 'pasta-rice-and-grains', 'long-grain-rice', '3-steps-or-less']"
Aloo Methi,223.5,7.4,1,0,25.8,36.6,5.9,5.5,5.2,55,0,"['60-minutes-or-less', 'time-to-make', 'course', 'main-ingredient', 'cuisine', 'preparation', 'lunch', 'side-dishes', 'potatoes', 'vegetables', 'asian', 'indian', 'easy', 'vegetarian', 'dietary', 'inexpensive']"
Biryani,400,15,3,30,800,40,2,5,15,56,0,"['weeknight', 'time-to-make', 'course', 'main-ingredient', 'cuisine', 'preparation', 'main-dish', 'poultry', 'asian', 'indian', 'chicken', 'stove-top', 'dietary', 'low-sodium', 'low-in-something', 'meat', 'chicken-breasts', 'chicken-thighs-legs', 'equipment']"
"Kadhi Pakora, Kadhi Pakora",550,34,6,120,900,42,6,10,24,57,1,"['30-minutes-or-less', 'time-to-make', 'course', 'main-ingredient', 'cuisine', 'preparation', 'appetizers', 'eggs-dairy', 'asian', 'indian']"
Aloo Matar,184.3,9.6,1.3,0,269.2,21.7,4.5,5.7,4.7,58,0,"['60-minutes-or-less', 'time-to-make', 'course', 'main-ingredient', 'cuisine', 'preparation', 'main-dish', 'potatoes', 'vegetables', 'asian', 'indian', 'vegan', 'vegetarian', 'dietary']"
White Rice,201.2,3.6,0.5,0,297.5,37.8,1.3,0,3.1,59,0,"['15-minutes-or-less', 'time-to-make', 'course', 'main-ingredient', 'cuisine', 'preparation', '5-ingredients-or-less', 'side-dishes', 'rice', 'indian', 'easy', 'dietary', 'low-sodium', 'low-in-something', 'pasta-rice-and-grains', 'long-grain-rice', '3-steps-or-less']"
"Chicken Wings, Burger",459,24,6.7,69.1,927.6,35,2,7,26.9,60,1,"['30-minutes-or-less', 'time-to-make', 'course', 'occasion', 'main-ingredient', 'chicken', 'preparation', 'beginner-cook', 'american', 'easy', 'main-dish', 'lunch', 'poultry', 'wings', 'meat', 'to-go', 'appetizers', 'sandwiches', 'ground-beef', 'camping', 'north-american', 'picnic', 'healthy', 'vegetables', 'cuisine', 'indian', 'beef', '3-steps-or-less']"
"Paratha, Pancakes, Pancakes, Pancakes",810.4,40.7,11.2,90.9,634.6,97.4,11,4.8,19.4,61,1,"['30-minutes-or-less', 'time-to-make', 'course', 'cuisine', 'preparation', 'flat-shapes', 'breads', 'unhealthy', 'lunch', 'snacks', 'asian', 'indian', 'easy', 'beginner-cook', 'vegetarian', 'dietary', 'egg-free', 'free-of-something', 'presentation', 'served-hot', '3-steps-or-less']"
Chicken Wings,84,6,1.7,29.1,27.6,0,0,0,6.9,62,0,"['60-minutes-or-less', 'time-to-make', 'course', 'main-ingredient', 'cuisine', 'preparation', 'healthy', 'main-dish', 'poultry', 'indian', 'easy', 'chicken', 'meat', 'wings', '3-steps-or-less']"
Biryani,400,15,3,30,800,40,2,5,15,63,0,"['weeknight', 'time-to-make', 'course', 'main-ingredient', 'cuisine', 'preparation', 'main-dish', 'poultry', 'asian', 'indian', 'chicken', 'stove-top', 'dietary', 'low-sodium', 'low-in-something', 'meat', 'chicken-breasts', 'chicken-thighs-legs', 'equipment']"
Kadhi Pakora,275,17,3,60,450,21,3,5,12,64,0,"['30-minutes-or-less', 'time-to-make', 'course', 'main-ingredient', 'cuisine', 'preparation', 'appetizers', 'eggs-dairy', 'asian', 'indian']"
"Kheer, Rice",390.3,9.6,6.1,8.5,289.7,66.5,3.1,11.1,10.3,65,1,"['long-grain-rice', '15-minutes-or-less', '5-ingredients-or-less', 'number-of-servings', 'time-to-make', 'easy', 'desserts', 'course', 'preparation', 'cuisine', '3-steps-or-less', 'main-ingredient', 'rice', 'puddings-and-mousses', 'stove-top', 'indian', 'equipment', 'low-sodium', 'low-in-something', 'for-1-or-2', 'pasta-rice-and-grains', 'white-rice', 'asian', 'eggs-dairy', 'side-dishes']"
Waffles,333.8,15.7,9.3,101.1,531.1,39.5,1.1,4.4,8.5,66,1,"['30-minutes-or-less', 'time-to-make', 'course', 'cuisine', 'preparation', 'north-american', 'pancakes-and-waffles', 'breakfast', 'american', 'stove-top', 'midwestern', 'equipment']"
Spring Rolls,125.1,4.3,0.9,27.8,369.8,13.9,1.1,1,7.7,67,0,"['time-to-make', 'course', 'main-ingredient', 'cuisine', 'preparation', 'occasion', 'appetizers', 'side-dishes', 'vegetables', 'asian', 'vietnamese', 'dinner-party', 'finger-food', 'vegetarian', 'dietary', 'spicy', 'taste-mood', 'savory', 'presentation', 'served-cold', '4-hours-or-less']"
"Onion Rings, Chicken Wings",293.1,8.8,3.1,58.8,651,39.7,4,6.7,13.9,68,0,"['30-minutes-or-less', 'time-to-make', 'course', '3-steps-or-less', 'main-ingredient', 'appetizers', 'cuisine', 'easy', 'deep-fry', 'poultry', 'indian', 'meat', 'wings', 'low-in-something', 'low-carb', 'onions', 'presentation', 'healthy', 'preparation', 'main-dish', 'served-hot', 'technique', 'chicken', 'dietary']"
"Spring Rolls, Spring Rolls, Samosa, Samosa",325.4,9.4,2,55.6,1035.8,43,4.2,3.4,17.6,69,1,"['time-to-make', 'course', 'main-ingredient', 'cuisine', 'preparation', 'occasion', 'appetizers', 'side-dishes', 'vegetables', 'asian', 'vietnamese', 'dinner-party', 'finger-food', 'vegetarian', 'dietary', 'spicy', 'taste-mood', 'savory', 'presentation', 'served-cold', '4-hours-or-less']"
Sandwich,192.8,2.5,0.6,0.6,368.6,36.5,3.1,7.2,7.6,70,0,"['15-minutes-or-less', 'time-to-make', 'course', 'main-ingredient', 'cuisine', 'preparation', 'occasion', 'north-american', 'for-1-or-2', '5-ingredients-or-less', 'lunch', 'canadian', 'easy', 'grains', 'dietary', 'sandwiches', 'high-protein', 'inexpensive', 'ontario', 'high-in-something', 'meat', 'pasta-rice-and-grains', 'taste-mood', 'savory', 'number-of-servings', '3-steps-or-less']"
"Aloo Tikki, Aloo Tikki, Aloo Tikki, Aloo Tikki, Aloo Tikki, Aloo Tikki, Aloo Tikki, Aloo Tikki, Aloo Tikki, Aloo Tikki, Aloo Tikki, Aloo Tikki, Aloo Tikki",3240.9,10.4,2.6,0,8972.6,718.9,87.1,36.4,87.1,71,1,"['15-minutes-or-less', 'time-to-make', 'course', 'main-ingredient', 'cuisine', 'preparation', 'occasion', 'lunch', 'side-dishes', 'snacks', 'asian', 'indian', 'easy', 'beginner-cook', 'dinner-party', 'kid-friendly', 'vegan', 'vegetarian', 'grains', 'stove-top', 'dietary', 'inexpensive', 'toddler-friendly', 'pasta-rice-and-grains', 'equipment', 'presentation', 'served-hot']"
Aloo Gobi,215.9,7.5,1,0,335.1,34.4,6.4,5.7,5.7,72,0,"['curries', '60-minutes-or-less', 'time-to-make', 'course', 'main-ingredient', 'cuisine', 'preparation', 'main-dish', 'vegetables', 'asian', 'indian', 'vegetarian', 'dietary', 'cauliflower']"
"Aloo Tikki, Aloo Tikki, Aloo Tikki",749.4,2.4,0.6,0,2070.6,165.9,20.1,8.4,20.1,73,1,"['15-minutes-or-less', 'time-to-make', 'course', 'main-ingredient', 'cuisine', 'preparation', 'occasion', 'lunch', 'side-dishes', 'snacks', 'asian', 'indian', 'easy', 'beginner-cook', 'dinner-party', 'kid-friendly', 'vegan', 'vegetarian', 'grains', 'stove-top', 'dietary', 'inexpensive', 'toddler-friendly', 'pasta-rice-and-grains', 'equipment', 'presentation', 'served-hot']"
Bhindi Masala,175,10,2,0,600,15,5,3,7,74,0,"['30-minutes-or-less', 'time-to-make', 'course', 'main-ingredient', 'cuisine', 'preparation', 'low-protein', 'healthy', 'side-dishes', 'vegetables', 'asian', 'indian', 'vegan', 'vegetarian', 'dietary', 'low-sodium', 'low-cholesterol', 'low-calorie', 'low-carb', 'healthy-2', 'low-in-something']"
"Spring Rolls, Sandwich, Spring Rolls, Samosa",480.6,11.5,2.5,56.2,1108.2,71.9,6.3,9.9,24.1,75,1,"['30-minutes-or-less', 'time-to-make', 'course', 'rice', 'unhealthy', 'presentation', 'served-hot', 'flat-shapes', '5-ingredients-or-less', 'main-ingredient', 'preparation', 'beginner-cook', 'asian', 'indian', 'easy', 'dietary', 'long-grain-rice', 'low-sodium', 'breads', 'side-dishes', 'snacks', 'vegetarian', 'free-of-something', 'pasta-rice-and-grains', 'cuisine', 'egg-free', 'lunch', '3-steps-or-less', 'beverages', 'main-dish', 'poultry', 'chicken', 'meat', 'wings']"
"Chole, Omelette, Omelette",520,28,7,740,860,29,6,5,36,76,1,"['15-minutes-or-less', 'time-to-make', 'course', 'cuisine', 'preparation', 'for-1-or-2', 'omelets-and-frittatas', 'breakfast', 'indian', 'vegetarian', 'dietary', 'low-calorie', 'low-carb', 'low-in-something', 'number-of-servings']"
Sandwich,192.8,2.5,0.6,0.6,368.6,36.5,3.1,7.2,7.6,77,0,"['15-minutes-or-less', 'time-to-make', 'course', 'main-ingredient', 'cuisine', 'preparation', 'occasion', 'north-american', 'for-1-or-2', '5-ingredients-or-less', 'lunch', 'canadian', 'easy', 'grains', 'dietary', 'sandwiches', 'high-protein', 'inexpensive', 'ontario', 'high-in-something', 'meat', 'pasta-rice-and-grains', 'taste-mood', 'savory', 'number-of-servings', '3-steps-or-less']"
French Fries,197.5,0.2,0.1,0,9.1,45.7,4.1,2,4.2,78,0,"['30-minutes-or-less', 'time-to-make', 'course', 'main-ingredient', 'cuisine', 'preparation', 'occasion', 'low-protein', 'healthy', '5-ingredients-or-less', 'appetizers', 'potatoes', 'vegetables', 'french', 'easy', 'european', 'finger-food', 'low-fat', 'dietary', 'low-cholesterol', 'low-calorie', 'healthy-2', 'low-in-something', 'presentation']"
"Burger, Pancakes",474.8,22,7.3,70.3,1110.2,48.1,2.4,8.5,22.8,79,1,"['30-minutes-or-less', 'time-to-make', 'course', 'main-ingredient', 'cuisine', 'preparation', 'occasion', 'north-american', 'lunch', 'main-dish', 'beef', 'american', 'easy', 'beginner-cook', 'picnic', 'sandwiches', 'ground-beef', 'meat', 'to-go', 'camping']"
Burger,375,18,5,40,900,35,2,7,20,80,0,"['30-minutes-or-less', 'time-to-make', 'course', 'main-ingredient', 'cuisine', 'preparation', 'occasion', 'north-american', 'lunch', 'main-dish', 'beef', 'american', 'easy', 'beginner-cook', 'picnic', 'sandwiches', 'ground-beef', 'meat', 'to-go', 'camping']"
"Chicken Wings, Omelette, Waffles, Pancakes",677.6,35.7,16.3,530.5,898.9,54.6,1.5,5.9,32.2,81,1,"['30-minutes-or-less', 'time-to-make', 'course', 'main-ingredient', 'preparation', 'north-american', 'pancakes-and-waffles', 'breakfast', 'stove-top', 'equipment', 'cuisine', 'indian', 'easy', 'chicken', 'meat', 'wings', '3-steps-or-less', 'american', 'midwestern', 'healthy', 'main-dish', 'poultry']"
Samosa ,37.6,0.4,0.1,0,148.1,7.6,1,0.7,1.1,82,0,"['30-minutes-or-less', 'time-to-make', 'course', 'main-ingredient', 'cuisine', 'preparation', 'low-protein', 'healthy', 'side-dishes', 'potatoes', 'vegetables', 'asian', 'indian', 'low-fat', 'dietary', 'low-sodium', 'low-cholesterol', 'low-saturated-fat', 'low-calorie', 'healthy-2', 'low-in-something']"
"Burger, Burger",750,36,10,80,1800,70,4,14,40,83,1,"['30-minutes-or-less', 'time-to-make', 'course', 'main-ingredient', 'cuisine', 'preparation', 'occasion', 'north-american', 'lunch', 'main-dish', 'beef', 'american', 'easy', 'beginner-cook', 'picnic', 'sandwiches', 'ground-beef', 'meat', 'to-go', 'camping']"
"Chicken Wings, Aloo Tikki, Aloo Tikki, Aloo Tikki, Onion Rings",1042.5,11.2,3.7,58.8,2721.6,205.6,24.1,15.1,34,84,1,"['30-minutes-or-less', 'time-to-make', 'course', '3-steps-or-less', 'main-ingredient', 'appetizers', 'cuisine', 'easy', 'deep-fry', 'poultry', 'potatos', 'indian', 'meat', 'wings', 'low-in-something', 'low-carb', 'onions', 'presentation', 'vegetables', 'preparation', 'main-dish', 'served-hot', 'technique', 'chicken', 'dietary']"
Sandwich,192.8,2.5,0.6,0.6,368.6,36.5,3.1,7.2,7.6,85,0,"['15-minutes-or-less', 'time-to-make', 'course', 'main-ingredient', 'cuisine', 'preparation', 'occasion', 'north-american', 'for-1-or-2', '5-ingredients-or-less', 'lunch', 'canadian', 'easy', 'grains', 'dietary', 'sandwiches', 'high-protein', 'inexpensive', 'ontario', 'high-in-something', 'meat', 'pasta-rice-and-grains', 'taste-mood', 'savory', 'number-of-servings', '3-steps-or-less']"
Spring Rolls,125.1,4.3,0.9,27.8,369.8,13.9,1.1,1,7.7,86,0,"['time-to-make', 'course', 'main-ingredient', 'cuisine', 'preparation', 'occasion', 'appetizers', 'side-dishes', 'vegetables', 'asian', 'vietnamese', 'dinner-party', 'finger-food', 'vegetarian', 'dietary', 'spicy', 'taste-mood', 'savory', 'presentation', 'served-cold', '4-hours-or-less']"
Sandwich,192.8,2.5,0.6,0.6,368.6,36.5,3.1,7.2,7.6,87,0,"['15-minutes-or-less', 'time-to-make', 'course', 'main-ingredient', 'cuisine', 'preparation', 'occasion', 'north-american', 'for-1-or-2', '5-ingredients-or-less', 'lunch', 'canadian', 'easy', 'grains', 'dietary', 'sandwiches', 'high-protein', 'inexpensive', 'ontario', 'high-in-something', 'meat', 'pasta-rice-and-grains', 'taste-mood', 'savory', 'number-of-servings', '3-steps-or-less']"
"Burger, Onion Rings",584.1,20.8,6.4,69.7,1523.4,74.7,6,13.7,27,88,1,"['30-minutes-or-less', 'time-to-make', 'course', 'appetizers', 'technique', 'occasion', 'main-ingredient', 'preparation', 'deep-fry', 'lunch', 'cuisine', 'easy', 'onions', 'american', 'picnic', 'to-go', 'north-american', 'ground-beef', 'dietary', 'low-protein', 'vegetables', 'sandwiches', 'served-hot', 'camping', 'main-dish', 'meat', 'low-in-something', 'beginner-cook', 'indian', 'low-carb']"
Chicken Curry,360.1,10.7,4.9,93.2,1251.6,38,4.6,23.5,31.1,89,1,"['curries', 'time-to-make', 'course', 'cuisine', 'preparation', 'main-dish', 'asian', 'indian', 'dietary', 'low-carb', 'low-in-something', '4-hours-or-less']"
Onion Rings,209.1,2.8,1.4,29.7,623.4,39.7,4,6.7,7,90,0,"['30-minutes-or-less', 'time-to-make', 'course', 'main-ingredient', 'cuisine', 'preparation', 'low-protein', 'appetizers', 'vegetables', 'asian', 'indian', 'easy', 'deep-fry', 'dietary', 'low-carb', 'low-in-something', 'onions', 'presentation', 'served-hot', 'technique']"
Butter Chicken,308.1,21.7,7.6,99.4,108,5.2,0.9,2.5,22.5,91,0,"['weeknight', 'time-to-make', 'course', 'main-ingredient', 'cuisine', 'preparation', 'low-protein', 'main-dish', 'poultry', 'asian', 'indian', 'barbecue', 'chicken', 'dietary', 'low-carb', 'low-in-something', 'meat', 'equipment', 'grilling', '4-hours-or-less']"
"Biryani, White Rice",601.2,18.6,3.5,30,1097.5,77.8,3.3,5,18.1,92,1,"['weeknight', 'time-to-make', 'course', 'main-ingredient', 'cuisine', 'preparation', 'main-dish', 'poultry', 'asian', 'indian', 'chicken', 'stove-top', 'dietary', 'low-sodium', 'low-in-something', 'meat', 'chicken-breasts', 'chicken-thighs-legs', 'equipment']"
Sandwich,192.8,2.5,0.6,0.6,368.6,36.5,3.1,7.2,7.6,93,0,"['15-minutes-or-less', 'time-to-make', 'course', 'main-ingredient', 'cuisine', 'preparation', 'occasion', 'north-american', 'for-1-or-2', '5-ingredients-or-less', 'lunch', 'canadian', 'easy', 'grains', 'dietary', 'sandwiches', 'high-protein', 'inexpensive', 'ontario', 'high-in-something', 'meat', 'pasta-rice-and-grains', 'taste-mood', 'savory', 'number-of-servings', '3-steps-or-less']"
Chicken Tikka,321.5,16.5,4.8,110.4,182.8,5.3,1.4,2.3,36.7,94,1,"['60-minutes-or-less', 'time-to-make', 'course', 'main-ingredient', 'cuisine', 'preparation', 'healthy', 'main-dish', 'poultry', 'asian', 'indian', 'low-fat', 'chicken', 'dietary', 'low-sodium', 'low-cholesterol', 'low-saturated-fat', 'low-calorie', 'healthy-2', 'low-in-something', 'meat', 'chicken-breasts']"
"Onion Rings, French Fries",406.6,3,1.5,29.7,632.5,85.4,8.1,8.7,11.2,95,1,"['30-minutes-or-less', 'time-to-make', 'course', 'onions', 'low-cholesterol', 'presentation', 'european', 'low-in-something', 'low-carb', 'occasion', 'healthy-2', 'preparation', 'main-ingredient', 'finger-food', 'asian', 'potatoes', 'technique', 'easy', 'french', 'cuisine', 'healthy', 'appetizers', 'low-protein', 'dietary', 'vegetables', 'deep-fry', 'served-hot', 'indian']"
Waffles,333.8,15.7,9.3,101.1,531.1,39.5,1.1,4.4,8.5,96,1,"['30-minutes-or-less', 'time-to-make', 'course', 'cuisine', 'preparation', 'north-american', 'pancakes-and-waffles', 'breakfast', 'american', 'stove-top', 'midwestern', 'equipment']"
Waffles,333.8,15.7,9.3,101.1,531.1,39.5,1.1,4.4,8.5,97,1,"['30-minutes-or-less', 'time-to-make', 'course', 'cuisine', 'preparation', 'north-american', 'pancakes-and-waffles', 'breakfast', 'american', 'stove-top', 'midwestern', 'equipment']"
Burger,375,18,5,40,900,35,2,7,20,98,0,"['30-minutes-or-less', 'time-to-make', 'course', 'main-ingredient', 'cuisine', 'preparation', 'occasion', 'north-american', 'lunch', 'main-dish', 'beef', 'american', 'easy', 'beginner-cook', 'picnic', 'sandwiches', 'ground-beef', 'meat', 'to-go', 'camping']"
Samosa,37.6,0.4,0.1,0,148.1,7.6,1,0.7,1.1,99,0,"['30-minutes-or-less', 'time-to-make', 'course', 'main-ingredient', 'cuisine', 'preparation', 'low-protein', 'healthy', 'side-dishes', 'potatoes', 'vegetables', 'asian', 'indian', 'low-fat', 'dietary', 'low-sodium', 'low-cholesterol', 'low-saturated-fat', 'low-calorie', 'healthy-2', 'low-in-something']"
French Fries,197.5,0.2,0.1,0,9.1,45.7,4.1,2,4.2,100,0,"['30-minutes-or-less', 'time-to-make', 'course', 'main-ingredient', 'cuisine', 'preparation', 'occasion', 'low-protein', 'healthy', '5-ingredients-or-less', 'appetizers', 'potatoes', 'vegetables', 'french', 'easy', 'european', 'finger-food', 'low-fat', 'dietary', 'low-cholesterol', 'low-calorie', 'healthy-2', 'low-in-something', 'presentation']"
Palak Paneer,220.3,10.7,4.6,17.4,446.8,25.1,10.7,7.3,13.8,101,0,"['60-minutes-or-less', 'time-to-make', 'cuisine', 'preparation', 'low-protein', 'asian', 'indian', 'vegetarian', 'dietary', 'low-sodium', 'low-cholesterol', 'low-saturated-fat', 'low-calorie', 'low-carb', 'healthy-2', 'low-in-something']"
"White Rice, White Rice",402.4,7.2,1,0,595,75.6,2.6,0,6.2,102,1,"['15-minutes-or-less', 'time-to-make', 'course', 'main-ingredient', 'cuisine', 'preparation', '5-ingredients-or-less', 'side-dishes', 'rice', 'indian', 'easy', 'dietary', 'low-sodium', 'low-in-something', 'pasta-rice-and-grains', 'long-grain-rice', '3-steps-or-less']"
Palak Paneer,220.3,10.7,4.6,17.4,446.8,25.1,10.7,7.3,13.8,103,0,"['60-minutes-or-less', 'time-to-make', 'cuisine', 'preparation', 'low-protein', 'asian', 'indian', 'vegetarian', 'dietary', 'low-sodium', 'low-cholesterol', 'low-saturated-fat', 'low-calorie', 'low-carb', 'healthy-2', 'low-in-something']"
Kheer,206.4,7.8,5.7,8.5,39.7,30.5,1.5,10.5,5.1,104,0,"['60-minutes-or-less', 'time-to-make', 'course', 'main-ingredient', 'cuisine', 'preparation', 'for-1-or-2', 'desserts', 'eggs-dairy', 'rice', 'asian', 'indian', 'puddings-and-mousses', 'stove-top', 'pasta-rice-and-grains', 'white-rice', 'equipment', 'number-of-servings']"
Aloo Tikki,249.8,0.8,0.2,0,690.2,55.3,6.7,2.8,6.7,105,0,"['15-minutes-or-less', 'time-to-make', 'course', 'main-ingredient', 'cuisine', 'preparation', 'occasion', 'lunch', 'side-dishes', 'snacks', 'asian', 'indian', 'easy', 'beginner-cook', 'dinner-party', 'kid-friendly', 'vegan', 'vegetarian', 'grains', 'stove-top', 'dietary', 'inexpensive', 'toddler-friendly', 'pasta-rice-and-grains', 'equipment', 'presentation', 'served-hot']"
Chai,69.3,1.1,0.7,4.3,23,14.8,0.1,13,1.1,106,1,"['15-minutes-or-less', 'time-to-make', 'course', 'cuisine', 'preparation', 'beverages', 'asian', 'indian', 'dietary', 'presentation', 'served-hot']"
Onion Pakora,175,12,2,0,400,18,2,2,4,107,0,"['15-minutes-or-less', 'time-to-make', 'course', 'cuisine', 'preparation', 'lunch', 'snacks', 'asian', 'indian', 'easy', 'beginner-cook', 'dietary']"
Onion Pakora,175,12,2,0,400,18,2,2,4,108,0,"['15-minutes-or-less', 'time-to-make', 'course', 'cuisine', 'preparation', 'lunch', 'snacks', 'asian', 'indian', 'easy', 'beginner-cook', 'dietary']"
Chai,69.3,1.1,0.7,4.3,23,14.8,0.1,13,1.1,109,1,"['15-minutes-or-less', 'time-to-make', 'course', 'cuisine', 'preparation', 'beverages', 'asian', 'indian', 'dietary', 'presentation', 'served-hot']"
"Roti, Aloo Gobi",444,8.1,1.1,0,572.5,82.4,8.1,5.9,12.2,110,1,"['breads', 'vegetables', 'curries', '60-minutes-or-less', 'cuisine', 'flat-shapes', 'main-dish', 'time-to-make', 'preparation', 'main-ingredient', 'indian', 'asian', 'course', 'dietary', 'potatoes', 'cauliflower', 'vegetarian']"
"Roti, Aloo Gobi",444,8.1,1.1,0,572.5,82.4,8.1,5.9,12.2,111,1,"['breads', 'vegetables', 'curries', '60-minutes-or-less', 'cuisine', 'flat-shapes', 'main-dish', 'time-to-make', 'preparation', 'main-ingredient', 'indian', 'asian', 'course', 'dietary', 'potatoes', 'cauliflower', 'vegetarian']"
Aloo Gobi,215.9,7.5,1,0,335.1,34.4,6.4,5.7,5.7,112,0,"['curries', '60-minutes-or-less', 'time-to-make', 'course', 'main-ingredient', 'cuisine', 'preparation', 'main-dish', 'vegetables', 'asian', 'indian', 'vegetarian', 'dietary', 'cauliflower']"
Aloo Gobi,215.9,7.5,1,0,335.1,34.4,6.4,5.7,5.7,113,0,"['curries', '60-minutes-or-less', 'time-to-make', 'course', 'main-ingredient', 'cuisine', 'preparation', 'main-dish', 'vegetables', 'asian', 'indian', 'vegetarian', 'dietary', 'cauliflower']"
Biryani,400,15,3,30,800,40,2,5,15,114,0,"['weeknight', 'time-to-make', 'course', 'main-ingredient', 'cuisine', 'preparation', 'main-dish', 'poultry', 'asian', 'indian', 'chicken', 'stove-top', 'dietary', 'low-sodium', 'low-in-something', 'meat', 'chicken-breasts', 'chicken-thighs-legs', 'equipment']"
"Aloo Methi, Aloo Gobi",439.4,14.9,2,0,360.9,71,12.3,11.2,11.2,115,1,"['60-minutes-or-less', 'time-to-make', 'course', 'main-ingredient', 'cuisine', 'preparation', 'lunch', 'side-dishes', 'potatoes', 'vegetables', 'asian', 'indian', 'easy', 'vegetarian', 'cauliflower', 'dietary', 'inexpensive']"
Aloo Methi,223.5,7.4,1,0,25.8,36.6,5.9,5.5,5.2,116,0,"['60-minutes-or-less', 'time-to-make', 'course', 'main-ingredient', 'cuisine', 'preparation', 'lunch', 'side-dishes', 'potatoes', 'vegetables', 'asian', 'indian', 'easy', 'vegetarian', 'dietary', 'inexpensive']"
Aloo Gobi,215.9,7.5,1,0,335.1,34.4,6.4,5.7,5.7,117,0,"['curries', '60-minutes-or-less', 'time-to-make', 'course', 'main-ingredient', 'cuisine', 'preparation', 'main-dish', 'vegetables', 'asian', 'indian', 'vegetarian', 'dietary', 'cauliflower']"
Aloo Gobi,215.9,7.5,1,0,335.1,34.4,6.4,5.7,5.7,118,0,"['curries', '60-minutes-or-less', 'time-to-make', 'course', 'main-ingredient', 'cuisine', 'preparation', 'main-dish', 'vegetables', 'asian', 'indian', 'vegetarian', 'dietary', 'cauliflower']"
Aloo Gobi,215.9,7.5,1,0,335.1,34.4,6.4,5.7,5.7,119,0,"['curries', '60-minutes-or-less', 'time-to-make', 'course', 'main-ingredient', 'cuisine', 'preparation', 'main-dish', 'vegetables', 'asian', 'indian', 'vegetarian', 'dietary', 'cauliflower']"
Pancakes,99.8,4,2.3,30.3,210.2,13.1,0.4,1.5,2.8,120,0,"['15-minutes-or-less', 'time-to-make', 'course', 'cuisine', 'preparation', 'north-american', 'pancakes-and-waffles', 'breakfast', 'american', 'canadian', 'easy', 'kid-friendly', 'dietary', 'inexpensive'] "
Aloo Gobi,215.9,7.5,1,0,335.1,34.4,6.4,5.7,5.7,121,0,"['curries', '60-minutes-or-less', 'time-to-make', 'course', 'main-ingredient', 'cuisine', 'preparation', 'main-dish', 'vegetables', 'asian', 'indian', 'vegetarian', 'dietary', 'cauliflower']"
Butter Chicken,308.1,21.7,7.6,99.4,108,5.2,0.9,2.5,22.5,122,0,"['weeknight', 'time-to-make', 'course', 'main-ingredient', 'cuisine', 'preparation', 'low-protein', 'main-dish', 'poultry', 'asian', 'indian', 'barbecue', 'chicken', 'dietary', 'low-carb', 'low-in-something', 'meat', 'equipment', 'grilling', '4-hours-or-less']"
Biryani,400,15,3,30,800,40,2,5,15,123,0,"['weeknight', 'time-to-make', 'course', 'main-ingredient', 'cuisine', 'preparation', 'main-dish', 'poultry', 'asian', 'indian', 'chicken', 'stove-top', 'dietary', 'low-sodium', 'low-in-something', 'meat', 'chicken-breasts', 'chicken-thighs-legs', 'equipment']"
Roti,228.1,0.6,0.1,0,237.4,48,1.7,0.2,6.5,124,0,"['time-to-make', 'course', 'main-ingredient', 'cuisine', 'preparation', 'healthy', 'breads', 'beans', 'indian', 'dietary', 'chick-peas-garbanzos', 'pasta-rice-and-grains', '4-hours-or-less']"
Palak Paneer,220.3,10.7,4.6,17.4,446.8,25.1,10.7,7.3,13.8,125,0,"['60-minutes-or-less', 'time-to-make', 'cuisine', 'preparation', 'low-protein', 'asian', 'indian', 'vegetarian', 'dietary', 'low-sodium', 'low-cholesterol', 'low-saturated-fat', 'low-calorie', 'low-carb', 'healthy-2', 'low-in-something']"
Chole,200,8,1,0,600,25,6,5,8,126,0,"['curries', '60-minutes-or-less', 'time-to-make', 'course', 'main-ingredient', 'cuisine', 'preparation', 'occasion', 'main-dish', 'beans', 'asian', 'indian', 'dinner-party', 'vegetarian', 'pressure-cooker', 'stove-top', 'dietary', 'chick-peas-garbanzos', 'equipment']"
Chole,200,8,1,0,600,25,6,5,8,127,0,"['curries', '60-minutes-or-less', 'time-to-make', 'course', 'main-ingredient', 'cuisine', 'preparation', 'occasion', 'main-dish', 'beans', 'asian', 'indian', 'dinner-party', 'vegetarian', 'pressure-cooker', 'stove-top', 'dietary', 'chick-peas-garbanzos', 'equipment']"
Chole,200,8,1,0,600,25,6,5,8,128,0,"['curries', '60-minutes-or-less', 'time-to-make', 'course', 'main-ingredient', 'cuisine', 'preparation', 'occasion', 'main-dish', 'beans', 'asian', 'indian', 'dinner-party', 'vegetarian', 'pressure-cooker', 'stove-top', 'dietary', 'chick-peas-garbanzos', 'equipment']"
Chole,200,8,1,0,600,25,6,5,8,129,0,"['curries', '60-minutes-or-less', 'time-to-make', 'course', 'main-ingredient', 'cuisine', 'preparation', 'occasion', 'main-dish', 'beans', 'asian', 'indian', 'dinner-party', 'vegetarian', 'pressure-cooker', 'stove-top', 'dietary', 'chick-peas-garbanzos', 'equipment']"
Chole,200,8,1,0,600,25,6,5,8,130,0,"['curries', '60-minutes-or-less', 'time-to-make', 'course', 'main-ingredient', 'cuisine', 'preparation', 'occasion', 'main-dish', 'beans', 'asian', 'indian', 'dinner-party', 'vegetarian', 'pressure-cooker', 'stove-top', 'dietary', 'chick-peas-garbanzos', 'equipment']"
Chole,200,8,1,0,600,25,6,5,8,131,0,"['curries', '60-minutes-or-less', 'time-to-make', 'course', 'main-ingredient', 'cuisine', 'preparation', 'occasion', 'main-dish', 'beans', 'asian', 'indian', 'dinner-party', 'vegetarian', 'pressure-cooker', 'stove-top', 'dietary', 'chick-peas-garbanzos', 'equipment']"
"Bread, Chole",373.1,12.3,1.6,0,834.9,56,10.5,9.8,13.2,132,0,"['occasion', 'preparation', 'stove-top', 'curries', 'main-ingredient', 'vegetarian', 'breads', 'time-to-make', 'course', 'pressure-cooker', 'asian', '4-hours-or-less', 'dinner-party', 'pasta-rice-and-grains', 'chick-peas-garbanzos', 'beans', 'equipment', 'cuisine', 'indian', 'healthy', 'dietary']"
"Chole, White Rice, Chole",601.2,19.6,2.5,0,1497.5,87.8,13.3,10,19.1,133,1,"['dinner-party', 'pressure-cooker', 'course', 'curries', 'main-ingredient', 'presentation', 'occasion', 'asian', 'low-fat', 'free-of-something', 'low-in-something', 'healthy-2', 'preparation', 'stove-top', 'low-sodium', 'time-to-make', 'diabetic', 'side-dishes', 'chick-peas-garbanzos', 'low-cholesterol', 'equipment', 'main-dish', 'low-saturated-fat', 'rice', 'served-hot', 'savory', 'beans', 'healthy', 'cuisine', 'egg-free', '60-minutes-or-less', 'vegetarian', 'pasta-rice-and-grains', 'technique', 'indian']"
"Roti, Chole",428.1,8.6,1.1,0,837.4,73,7.7,5.2,14.5,134,1,"['occasion', 'preparation', 'stove-top', 'curries', 'main-ingredient', 'vegetarian', 'breads', 'time-to-make', 'course', 'chick-peas-garbanzos', 'pressure-cooker', 'asian', '4-hours-or-less', 'dinner-party', 'pasta-rice-and-grains', 'chick-peas-garbanzos', 'beans', 'equipment', 'cuisine', 'indian', 'healthy', 'main-dish', 'dietary']"
"Paratha, White Rice",712.8,32.3,4.8,0,301.5,95.9,11.1,0.3,14.1,135,1,"['30-minutes-or-less', 'time-to-make', 'course', 'rice', 'unhealthy', 'presentation', 'served-hot', 'flat-shapes', '5-ingredients-or-less', 'main-ingredient', 'preparation', 'beginner-cook', 'asian', 'indian', 'easy', 'dietary', 'long-grain-rice', 'low-sodium', 'breads', 'side-dishes', 'snacks', 'vegetarian', 'free-of-something', 'pasta-rice-and-grains', 'cuisine', 'egg-free', 'lunch', '3-steps-or-less', 'low-in-something']"
"Roti, Roti, White Rice",657.4,4.8,0.7,0,772.3,133.8,4.7,0.4,16.1,136,1,"['time-to-make', 'course', 'main-ingredient', 'cuisine', 'preparation', 'healthy', 'breads', 'beans', 'indian', 'dietary', 'chick-peas-garbanzos', 'pasta-rice-and-grains', '4-hours-or-less']"
Butter Chicken,308.1,21.7,7.6,99.4,108,5.2,0.9,2.5,22.5,137,0,"['weeknight', 'time-to-make', 'course', 'main-ingredient', 'cuisine', 'preparation', 'low-protein', 'main-dish', 'poultry', 'asian', 'indian', 'barbecue', 'chicken', 'dietary', 'low-carb', 'low-in-something', 'meat', 'equipment', 'grilling', '4-hours-or-less']"
Butter Chicken,308.1,21.7,7.6,99.4,108,5.2,0.9,2.5,22.5,138,0,"['weeknight', 'time-to-make', 'course', 'main-ingredient', 'cuisine', 'preparation', 'low-protein', 'main-dish', 'poultry', 'asian', 'indian', 'barbecue', 'chicken', 'dietary', 'low-carb', 'low-in-something', 'meat', 'equipment', 'grilling', '4-hours-or-less']"
Chicken Wings,84,6,1.7,29.1,27.6,0,0,0,6.9,139,0,"['60-minutes-or-less', 'time-to-make', 'course', 'main-ingredient', 'cuisine', 'preparation', 'healthy', 'main-dish', 'poultry', 'indian', 'easy', 'chicken', 'meat', 'wings', '3-steps-or-less']"
Paratha,511.6,28.7,4.3,0,4,58.1,9.8,0.3,11,140,0,"['30-minutes-or-less', 'time-to-make', 'course', 'cuisine', 'preparation', 'flat-shapes', 'breads', 'unhealthy', 'lunch', 'snacks', 'asian', 'indian', 'easy', 'beginner-cook', 'vegetarian', 'dietary', 'egg-free', 'free-of-something', 'presentation', 'served-hot', '3-steps-or-less']"
Paratha,511.6,28.7,4.3,0,4,58.1,9.8,0.3,11,141,0,"['30-minutes-or-less', 'time-to-make', 'course', 'cuisine', 'preparation', 'flat-shapes', 'breads', 'unhealthy', 'lunch', 'snacks', 'asian', 'indian', 'easy', 'beginner-cook', 'vegetarian', 'dietary', 'egg-free', 'free-of-something', 'presentation', 'served-hot', '3-steps-or-less']"
"Onion Rings, French Fries, Chicken Wings",490.6,9,3.2,58.8,660.1,85.4,8.1,8.7,11.2,142,1,"['30-minutes-or-less', 'time-to-make', 'course', '3-steps-or-less', 'main-ingredient', 'appetizers', 'cuisine', 'easy', 'deep-fry', 'poultry', 'potatos', 'indian', 'meat', 'wings', 'low-in-something', 'low-carb', 'onions', 'presentation', 'vegetables', 'preparation', 'main-dish', 'served-hot', 'technique', 'chicken', 'dietary']"
Onion Pakora,175,12,2,0,400,18,2,2,4,143,0,"['15-minutes-or-less', 'time-to-make', 'course', 'cuisine', 'preparation', 'lunch', 'snacks', 'asian', 'indian', 'easy', 'beginner-cook', 'dietary']"
Biryani,400,15,3,30,800,40,2,5,15,144,0,"['weeknight', 'time-to-make', 'course', 'main-ingredient', 'cuisine', 'preparation', 'main-dish', 'poultry', 'asian', 'indian', 'chicken', 'stove-top', 'dietary', 'low-sodium', 'low-in-something', 'meat', 'chicken-breasts', 'chicken-thighs-legs', 'equipment']"
Chai,69.3,1.1,0.7,4.3,23,14.8,0.1,13,1.1,145,1,"['15-minutes-or-less', 'time-to-make', 'course', 'cuisine', 'preparation', 'beverages', 'asian', 'indian', 'dietary', 'presentation', 'served-hot']"
Chai,69.3,1.1,0.7,4.3,23,14.8,0.1,13,1.1,146,1,"['15-minutes-or-less', 'time-to-make', 'course', 'cuisine', 'preparation', 'beverages', 'asian', 'indian', 'dietary', 'presentation', 'served-hot']"
Paratha,511.6,28.7,4.3,0,4,58.1,9.8,0.3,11,147,0,"['30-minutes-or-less', 'time-to-make', 'course', 'cuisine', 'preparation', 'flat-shapes', 'breads', 'unhealthy', 'lunch', 'snacks', 'asian', 'indian', 'easy', 'beginner-cook', 'vegetarian', 'dietary', 'egg-free', 'free-of-something', 'presentation', 'served-hot', '3-steps-or-less']"
"Paratha, Paratha",1023.2,57.4,8.6,0,8,116.2,19.6,0.6,22,148,1,"['30-minutes-or-less', 'time-to-make', 'course', 'cuisine', 'preparation', 'flat-shapes', 'breads', 'unhealthy', 'lunch', 'snacks', 'asian', 'indian', 'easy', 'beginner-cook', 'vegetarian', 'dietary', 'egg-free', 'free-of-something', 'presentation', 'served-hot', '3-steps-or-less']"
"Apple, Apple, Apple, Apple, Apple",475,1.5,0.5,0,10,125,20,95,2.5,149,1,"['fruit', 'healthy', 'snack', 'dessert', 'ingredient', 'salad', 'pie', 'baking', 'juice', 'sweet', 'crisp', 'refreshing', 'fall', 'harvest', 'orchard', 'variety', 'nutritious', 'fiber', 'vitamins', 'minerals']"
